INSERT INTO BUYER VALUES (1,'john.smith@mail.com', '123 Market St., N Columbus, OH', '614-655-7657', 40);
INSERT INTO BUYER VALUES (2,'jerry.smith@mail.com', '345 Market St., N Columbus, OH', '614-688-7657', 20);
INSERT INTO BUYER VALUES (3,'john.john@mail.com', '234 Market Ave., Columbus, OH', '614-655-8888', 120);
INSERT INTO BUYER VALUES (4,'Mikeala.smith@mail.com', '100 East St., Cleveland, OH', '216-622-7657', 50);
INSERT INTO BUYER VALUES (5,'kyle.miller@mail.com', '230 18th St., Canton, OH', '330-700-7657', 80);
INSERT INTO BUYER VALUES (6,'chris.scott@mail.com', '126 Market St., Columbus, OH', '614-655-8657', 100);
INSERT INTO BUYER VALUES (7,'Christina.Stuart@mail.com', '990 Market St., Tampa, Fl', '813-644-8677', 90);
INSERT INTO BUYER VALUES (8,'Sammy.smith@mail.com', '11543 Canada Ln., Miami, Fl', '365-854-8657', 0);
INSERT INTO BUYER VALUES (9,'Pablo.torre@mail.com', '4567 Running Rd., Los Angeles, CA', '222-657-8887', 10);
INSERT INTO BUYER VALUES (10,'Jimmy.Sotos@mail.com', '1288 Market Ave., Boston, MA', '300-878-8699', 50);
INSERT INTO BUYER VALUES (11,'Mary.Nelson@mail.com', '456 Mary Ave., Dallas, TX', '233-444-8899', 30);
INSERT INTO BUYER VALUES (12,'Tom.Brady@mail.com', '1555 Crossing Ave., Ann Arbor, MI', '787-446-8099', 0);
INSERT INTO BUYER VALUES (13,'Mike.Evans@mail.com', '1333 Junip Ave., Las Vegas, NV', '111-424-8899', 50);
INSERT INTO BUYER VALUES (14,'Eric.Snoop@mail.com', '456 Mary Ave., Dallas, TX', '222-444-7652', 30);
INSERT INTO BUYER VALUES (15,'Samir.Miller@mail.com', '1345 19th Ave., New York, NY', '123-456-7890', 20);
INSERT INTO BUYER VALUES (16,'Tyler.Nelson@mail.com', '1111 20th Ave., Toldeo, OH', '777-444-5599', 0);
INSERT INTO BUYER VALUES (17,'Jen.Gray@mail.com', '234 Jumper St., Ontario, CN', '789-456-1230', 40);
INSERT INTO BUYER VALUES (18,'Ashton.Mitchel@mail.com', '167 Mary Ave., Dallas, TX', '233-444-8657', 0);

INSERT INTO BUYER_NAME VALUES ('john','smith',1);
INSERT INTO BUYER_NAME VALUES ('jerry','smith',2);
INSERT INTO BUYER_NAME VALUES ('john','john',3);
INSERT INTO BUYER_NAME VALUES ('Mikeala','smith',4);
INSERT INTO BUYER_NAME VALUES ('kyle','Miller',5);
INSERT INTO BUYER_NAME VALUES ('Chris','smith',6);
INSERT INTO BUYER_NAME VALUES ('Christina','Stuart',7);
INSERT INTO BUYER_NAME VALUES ('Sammy','smith',8);
INSERT INTO BUYER_NAME VALUES ('Pablo','Torre',9);
INSERT INTO BUYER_NAME VALUES ('Jimmy','Sotos',10);
INSERT INTO BUYER_NAME VALUES ('Mary','Nelson',11);
INSERT INTO BUYER_NAME VALUES ('Tom','Brady',12);
INSERT INTO BUYER_NAME VALUES ('Mike','Evans',13);
INSERT INTO BUYER_NAME VALUES ('Eric','Snoop',14);
INSERT INTO BUYER_NAME VALUES ('Samir','Miller',15);
INSERT INTO BUYER_NAME VALUES ('Tyler','Nelson',16);
INSERT INTO BUYER_NAME VALUES ('Jen','Gray',17);
INSERT INTO BUYER_NAME VALUES ('Ashton','Mitchel',18);

INSERT INTO BUYER_PAYMENT VALUES (1,1);
INSERT INTO BUYER_PAYMENT VALUES (2,2);
INSERT INTO BUYER_PAYMENT VALUES (3,3);
INSERT INTO BUYER_PAYMENT VALUES (4,4);
INSERT INTO BUYER_PAYMENT VALUES (5,5);
INSERT INTO BUYER_PAYMENT VALUES (6,6);
INSERT INTO BUYER_PAYMENT VALUES (7,7);
INSERT INTO BUYER_PAYMENT VALUES (8,8);
INSERT INTO BUYER_PAYMENT VALUES (9,9);
INSERT INTO BUYER_PAYMENT VALUES (10,10);
INSERT INTO BUYER_PAYMENT VALUES (11,11);
INSERT INTO BUYER_PAYMENT VALUES (12,12);
INSERT INTO BUYER_PAYMENT VALUES (13,13);
INSERT INTO BUYER_PAYMENT VALUES (14,14);
INSERT INTO BUYER_PAYMENT VALUES (15,15);
INSERT INTO BUYER_PAYMENT VALUES (16,16);
INSERT INTO BUYER_PAYMENT VALUES (17,17);
INSERT INTO BUYER_PAYMENT VALUES (18,18);

INSERT INTO SELLER VALUES(101,'john.smith@mail.com', '123 Market St., Columbus, OH', '614-655-7657');
INSERT INTO SELLER VALUES(102,'Jim.Bob@mail.com', '101 Market St., Columbus, OH', '614-888-7777');
INSERT INTO SELLER VALUES(103,'Jimmy.Yu@mail.com', '787 E 18th St., Canton, OH', '655-888-7777');
INSERT INTO SELLER VALUES(104,'Mikey.Jones@mail.com', '111 20th St., Orlando, Fl', '813-454-7977');
INSERT INTO SELLER VALUES(105,'Will.Miller@mail.com', '111 Beeson St., San Diego, CA', '967-484-7997');
INSERT INTO SELLER VALUES(106,'William.Stud@mail.com', '12345 Stump Ave., Fairbanks, AK', '967-484-7797');
INSERT INTO SELLER VALUES(107,'Stu.Bolden@mail.com', '4565 Abraham Ln., Austin, TX', '967-486-7697');
INSERT INTO SELLER VALUES(108,'Ron.Opie@mail.com', NULL, NULL);
INSERT INTO SELLER VALUES(109,'Wayne.Ruggle@mail.com', '1008 12th St., San Diego, CA', NULL);
INSERT INTO SELLER VALUES(110,'Eric.Smith@mail.com', '122 Small St., Baton Rouge, LA', '333-475-7222');
INSERT INTO SELLER VALUES(111,'Ronald.Jones@mail.com', '23 Baker Ln., Kansas City, KS', '787-400-7887');
INSERT INTO SELLER VALUES(112,'Calvin.Ridley@mail.com', NULL, '334-565-0000');
INSERT INTO SELLER VALUES(113,'Mary.Tess@mail.com', NULL, NULL);
INSERT INTO SELLER VALUES(114,'Wilma.Mill@mail.com', '7867 Bourbon St., Las Vegas, NV', '999-444-7777');
INSERT INTO SELLER VALUES (115,'Samir.Miller@mail.com', '1345 19th Ave., New York, NY', '123-456-7890');
INSERT INTO SELLER VALUES (116,'Tyler.Nelson@mail.com', '1111 20th Ave., Toldeo, OH', '777-444-5599');
INSERT INTO SELLER VALUES (117,'Jim.Gray@mail.com', '234 Jumper St., Ontario, CN', '789-456-1230');
INSERT INTO SELLER VALUES(118,'Louise.Gray@mail.com', '6789 Rake Ln., Pittsburgh, PA', '888-484-1232');

INSERT INTO SELLER_NAME VALUES (101,'john','smith');
INSERT INTO SELLER_NAME VALUES (102,'Jim','Bob');
INSERT INTO SELLER_NAME VALUES (103,'Jimmy','Yu');
INSERT INTO SELLER_NAME VALUES (104,'Mikey','Jones');
INSERT INTO SELLER_NAME VALUES (105,'Will','Miller');
INSERT INTO SELLER_NAME VALUES (106,'William','Stud');
INSERT INTO SELLER_NAME VALUES (107,'Stu','Bolden');
INSERT INTO SELLER_NAME VALUES (108,'Ron','Opie');
INSERT INTO SELLER_NAME VALUES (109,'Wayne','Ruggle');
INSERT INTO SELLER_NAME VALUES (110,'Eric','smith');
INSERT INTO SELLER_NAME VALUES (111,'Ronald','Jones');
INSERT INTO SELLER_NAME VALUES (112,'Calvin','Ridley');
INSERT INTO SELLER_NAME VALUES (113,'Mary','Tess');
INSERT INTO SELLER_NAME VALUES (114,'Wilma','Mill');
INSERT INTO SELLER_NAME VALUES (115,'Samir','Miller');
INSERT INTO SELLER_NAME VALUES (116,'Tyler','Nelson');
INSERT INTO SELLER_NAME VALUES (117,'Jim','Gray');
INSERT INTO SELLER_NAME VALUES (118,'Louise','Gray');

INSERT INTO ORDERS VALUES(1,17,24,2018);
INSERT INTO ORDERS VALUES(2,17,12,2019);
INSERT INTO ORDERS VALUES(3,1,44,2019);
INSERT INTO ORDERS VALUES(4,2,13,2020);
INSERT INTO ORDERS VALUES(5,2,11,2020);
INSERT INTO ORDERS VALUES(6,15,23,2020);
INSERT INTO ORDERS VALUES(7,14,29,2020);
INSERT INTO ORDERS VALUES(8,14,13,2020);
INSERT INTO ORDERS VALUES(9,3,72,2021);
INSERT INTO ORDERS VALUES(10,4,31,2021);
INSERT INTO ORDERS VALUES(11,5,85,2021);
INSERT INTO ORDERS VALUES(12,6,36,2021);
INSERT INTO ORDERS VALUES(13,7,18,2021);
INSERT INTO ORDERS VALUES(14,4,21,2021);
INSERT INTO ORDERS VALUES(15,6,31,2021);
INSERT INTO ORDERS VALUES(16,3,52,2021);
INSERT INTO ORDERS VALUES(17,6,47,2021);
INSERT INTO ORDERS VALUES(18,7,65,2021);
INSERT INTO ORDERS VALUES(19,9,18,2021);
INSERT INTO ORDERS VALUES(20,10,13,2021);
INSERT INTO ORDERS VALUES(21,11,30,2021);
INSERT INTO ORDERS VALUES(22,13,13,2021);
INSERT INTO ORDERS VALUES(23,7,28,2021);
INSERT INTO ORDERS VALUES(24,10,43,2021);
INSERT INTO ORDERS VALUES(25,13,13,2021);
INSERT INTO ORDERS VALUES(26,17,13,2021);
INSERT INTO ORDERS VALUES(27,13,32,2021);

INSERT INTO PAYMENT_ORDER VALUES(1,17);
INSERT INTO PAYMENT_ORDER VALUES(2,17);
INSERT INTO PAYMENT_ORDER VALUES(3,1);
INSERT INTO PAYMENT_ORDER VALUES(4,2);
INSERT INTO PAYMENT_ORDER VALUES(5,2);
INSERT INTO PAYMENT_ORDER VALUES(6,25);
INSERT INTO PAYMENT_ORDER VALUES(7,19);
INSERT INTO PAYMENT_ORDER VALUES(8,20);
INSERT INTO PAYMENT_ORDER VALUES(9,23);
INSERT INTO PAYMENT_ORDER VALUES(10,24);
INSERT INTO PAYMENT_ORDER VALUES(11,25);
INSERT INTO PAYMENT_ORDER VALUES(12,26);
INSERT INTO PAYMENT_ORDER VALUES(13,27);
INSERT INTO PAYMENT_ORDER VALUES(14,30);
INSERT INTO PAYMENT_ORDER VALUES(15,32);
INSERT INTO PAYMENT_ORDER VALUES(16,40);
INSERT INTO PAYMENT_ORDER VALUES(17,40);
INSERT INTO PAYMENT_ORDER VALUES(18,40);
INSERT INTO PAYMENT_ORDER VALUES(19,32);
INSERT INTO PAYMENT_ORDER VALUES(20,32);
INSERT INTO PAYMENT_ORDER VALUES(21,11);
INSERT INTO PAYMENT_ORDER VALUES(22,13);
INSERT INTO PAYMENT_ORDER VALUES(23,7);
INSERT INTO PAYMENT_ORDER VALUES(24,27);
INSERT INTO PAYMENT_ORDER VALUES(25,13);
INSERT INTO PAYMENT_ORDER VALUES(26,17);
INSERT INTO PAYMENT_ORDER VALUES(27,13);

INSERT INTO PRODUCT VALUES(1001,001, 'Design Plans', 'Blueprint',13);
INSERT INTO PRODUCT VALUES(1002,001, 'Picture', 'Book',13);
INSERT INTO PRODUCT VALUES(1003,001, 'Picture','Picture of Apple',10);
INSERT INTO PRODUCT VALUES(1004,002, 'Software', 'Java Source code',11);
INSERT INTO PRODUCT VALUES(1005,002, 'Software','Java API',12);
INSERT INTO PRODUCT VALUES(1006,003, 'Software','C++ API',9);
INSERT INTO PRODUCT VALUES(1007,003, 'Picture','Picture of Carrot',11);
INSERT INTO PRODUCT VALUES(1008,003, 'Picture','Picture of Shark',7);
INSERT INTO PRODUCT VALUES(1009,003, 'Software','Windows XP',12);
INSERT INTO PRODUCT VALUES(1010,004, 'Software','Mac OS',6);
INSERT INTO PRODUCT VALUES(1011,004, 'Software','Linux OS',28);
INSERT INTO PRODUCT VALUES(1012,005, 'Software','Windows OS',5);
INSERT INTO PRODUCT VALUES(1013,006, 'Software','Python SC',8);
INSERT INTO PRODUCT VALUES(1014,007, 'Software','C language',10);
INSERT INTO PRODUCT VALUES(1015,007, 'Design Plans','Floor Plans',25);
INSERT INTO PRODUCT VALUES(1016,007, 'Picture','Picture of Soda',12);
INSERT INTO PRODUCT VALUES(1017,008, 'Picture','Picture of Pear',7);
INSERT INTO PRODUCT VALUES(1018,009, 'Picture','Picture of Orange',4);
INSERT INTO PRODUCT VALUES(1019,009, 'Picture','Picture of Screwdriver',18);
INSERT INTO PRODUCT VALUES(1020,010, 'Picture','Picture of Shovel',2);
INSERT INTO PRODUCT VALUES(1021,011, 'Design Plans','Business Schema',13);
INSERT INTO PRODUCT VALUES(1022,012, 'Software','Database',11);
INSERT INTO PRODUCT VALUES(1023,012, 'Picture','Picture of Coffee',1);
INSERT INTO PRODUCT VALUES(1024,013,'Picture','Invoice',21);
INSERT INTO PRODUCT VALUES(1025,014, 'Picture','Picture of Candy',8);
INSERT INTO PRODUCT VALUES(1026,014, 'Picture','Picture of Desk',38);
INSERT INTO PRODUCT VALUES(1027,015, 'Picture','Picture of Pool',5);

INSERT INTO PRODUCT_IMAGES VALUES ('img1001.jpg',1001);
INSERT INTO PRODUCT_IMAGES VALUES ('img1002.jpg',1002);
INSERT INTO PRODUCT_IMAGES VALUES ('img1003.jpg',1003);
INSERT INTO PRODUCT_IMAGES VALUES ('img1004.jpg',1004);
INSERT INTO PRODUCT_IMAGES VALUES ('img1005.jpg',1005);
INSERT INTO PRODUCT_IMAGES VALUES ('img1006.jpg',1006);
INSERT INTO PRODUCT_IMAGES VALUES ('img1007.jpg',1007);
INSERT INTO PRODUCT_IMAGES VALUES ('img1008.jpg',1008);
INSERT INTO PRODUCT_IMAGES VALUES ('img1009.jpg',1009);
INSERT INTO PRODUCT_IMAGES VALUES ('img1010.jpg',1010);
INSERT INTO PRODUCT_IMAGES VALUES ('img1011.jpg',1011);
INSERT INTO PRODUCT_IMAGES VALUES ('img1012.jpg',1012);
INSERT INTO PRODUCT_IMAGES VALUES ('img1013.jpg',1013);
INSERT INTO PRODUCT_IMAGES VALUES ('img1014.jpg',1014);
INSERT INTO PRODUCT_IMAGES VALUES ('img1015.jpg',1015);
INSERT INTO PRODUCT_IMAGES VALUES ('img1016.jpg',1016);
INSERT INTO PRODUCT_IMAGES VALUES ('img1017.jpg',1017);
INSERT INTO PRODUCT_IMAGES VALUES ('img1018.jpg',1018);
INSERT INTO PRODUCT_IMAGES VALUES ('img1019.jpg',1019);
INSERT INTO PRODUCT_IMAGES VALUES ('img1020.jpg',1020);
INSERT INTO PRODUCT_IMAGES VALUES ('img1021.jpg',1021);
INSERT INTO PRODUCT_IMAGES VALUES ('img1022.jpg',1022);
INSERT INTO PRODUCT_IMAGES VALUES ('img1023.jpg',1023);
INSERT INTO PRODUCT_IMAGES VALUES ('img1024.jpg',1024);
INSERT INTO PRODUCT_IMAGES VALUES ('img1025.jpg',1025);
INSERT INTO PRODUCT_IMAGES VALUES ('img1026.jpg',1026);
INSERT INTO PRODUCT_IMAGES VALUES ('img1027.jpg',1027);

INSERT INTO VIRTUAL_STORE VALUES(001,'Store1','store1.html',118,'seller1bio','seller1photo.jpeg');
INSERT INTO VIRTUAL_STORE VALUES(002,'Store2','store2.html',117,'seller2bio','seller2photo.jpeg');
INSERT INTO VIRTUAL_STORE VALUES(003,'Store3','store3.html',116,'seller3bio','seller3photo.jpeg');
INSERT INTO VIRTUAL_STORE VALUES(004,'Store4','store4.html',112,'seller4bio','seller4photo.jpeg');
INSERT INTO VIRTUAL_STORE VALUES(005,'Store5','store5.html',113,'seller5bio','seller5photo.jpeg');
INSERT INTO VIRTUAL_STORE VALUES(006,'Store6','store6.html',114,'seller6bio','seller6photo.jpeg');
INSERT INTO VIRTUAL_STORE VALUES(007,'Store7','store7.html',115,'seller7bio','seller7photo.jpeg');
INSERT INTO VIRTUAL_STORE VALUES(008,'Store8','store8.html',101,'seller8bio','seller8photo.jpeg');
INSERT INTO VIRTUAL_STORE VALUES(009,'Store9','store9.html',103,'seller9bio','seller9photo.jpeg');
INSERT INTO VIRTUAL_STORE VALUES(010,'Store10','store10.html',104,'seller10bio','seller10photo.jpeg');
INSERT INTO VIRTUAL_STORE VALUES(011,'Store11','store11.html',105,'seller11bio','seller11photo.jpeg');
INSERT INTO VIRTUAL_STORE VALUES(012,'Store12','store12.html',106,'seller12bio','seller12photo.jpeg');
INSERT INTO VIRTUAL_STORE VALUES(013,'Store13','store13.html',107,'seller13bio','seller13photo.jpeg');
INSERT INTO VIRTUAL_STORE VALUES(014,'Store14','store14.html',109,'seller14bio','seller14photo.jpeg');
INSERT INTO VIRTUAL_STORE VALUES(015,'Store15','store15.html',110,'seller15bio','seller15photo.jpeg');

INSERT INTO PRODUCT_TYPE VALUES('Picture','This can be a virtual photo desired to be owned.');
INSERT INTO PRODUCT_TYPE VALUES('Software','A set of instructions that directs a computers hardware to perform a task');
INSERT INTO PRODUCT_TYPE VALUES('Design Plans','Includes drawings, sizing methods, component details, and construction notes');

INSERT INTO FEEDBACK VALUES(01,1001,1,'Like');
INSERT INTO FEEDBACK VALUES(02,1001,2,'Love');
INSERT INTO FEEDBACK VALUES(03,1003,1,'Dislike');
INSERT INTO FEEDBACK VALUES(04,1004,5,'Like');
INSERT INTO FEEDBACK VALUES(05,1006,5,'Love');
INSERT INTO FEEDBACK VALUES(06,1007,6,'Like');
INSERT INTO FEEDBACK VALUES(07,1008,7,'Dislike');
INSERT INTO FEEDBACK VALUES(08,1012,9,'Dislike');
INSERT INTO FEEDBACK VALUES(09,1013,10,'Love');
INSERT INTO FEEDBACK VALUES(10,1012,17,'Like');


INSERT INTO ORDER_CONTAINS VALUES(1005,1);
INSERT INTO ORDER_CONTAINS VALUES(1016,2);
INSERT INTO ORDER_CONTAINS VALUES(1004,3);
INSERT INTO ORDER_CONTAINS VALUES(1003,3);
INSERT INTO ORDER_CONTAINS VALUES(1009,3);
INSERT INTO ORDER_CONTAINS VALUES(1002,4);
INSERT INTO ORDER_CONTAINS VALUES(1022,5);
INSERT INTO ORDER_CONTAINS VALUES(1004,6);
INSERT INTO ORDER_CONTAINS VALUES(1005,6);
INSERT INTO ORDER_CONTAINS VALUES(1011,7);
INSERT INTO ORDER_CONTAINS VALUES(1023,7);
INSERT INTO ORDER_CONTAINS VALUES(1001,8);
INSERT INTO ORDER_CONTAINS VALUES(1016,9);
INSERT INTO ORDER_CONTAINS VALUES(1016,9);
INSERT INTO ORDER_CONTAINS VALUES(1016,9);
INSERT INTO ORDER_CONTAINS VALUES(1016,9);
INSERT INTO ORDER_CONTAINS VALUES(1016,9);
INSERT INTO ORDER_CONTAINS VALUES(1016,9);

INSERT INTO PAYMENT VALUES (1,'Crypto');
INSERT INTO PAYMENT VALUES (2,'Credit Card');
INSERT INTO PAYMENT VALUES (3,'Bank Account');
INSERT INTO PAYMENT VALUES (4,'Bank Account');
INSERT INTO PAYMENT VALUES (5,'Credit Card');
INSERT INTO PAYMENT VALUES (6,'Credit Card');
INSERT INTO PAYMENT VALUES (7,'Credit Card');
INSERT INTO PAYMENT VALUES (8,'Bank Account');
INSERT INTO PAYMENT VALUES (9,'Credit Card');
INSERT INTO PAYMENT VALUES (10,'Credit Card');
INSERT INTO PAYMENT VALUES (11,'Crypto');
INSERT INTO PAYMENT VALUES (12,'Crypto');
INSERT INTO PAYMENT VALUES (13,'Karma');
INSERT INTO PAYMENT VALUES (14,'Credit Card');
INSERT INTO PAYMENT VALUES (15,'Credit Card');
INSERT INTO PAYMENT VALUES (16,'Karma');
INSERT INTO PAYMENT VALUES (17,'Credit Card');
INSERT INTO PAYMENT VALUES (18,'Karma');
INSERT INTO PAYMENT VALUES (19,'Karma');
INSERT INTO PAYMENT VALUES (20,'Karma');
INSERT INTO PAYMENT VALUES (21,'Karma');
INSERT INTO PAYMENT VALUES (22,'Karma');
INSERT INTO PAYMENT VALUES (23,'Karma');
INSERT INTO PAYMENT VALUES (24,'Karma');
INSERT INTO PAYMENT VALUES (25,'Karma');
INSERT INTO PAYMENT VALUES (26,'Karma');
INSERT INTO PAYMENT VALUES (27,'Karma');
INSERT INTO PAYMENT VALUES (28,'Karma');
INSERT INTO PAYMENT VALUES (29,'Karma');
INSERT INTO PAYMENT VALUES (30,'Karma');
INSERT INTO PAYMENT VALUES (32,'Bank Account');
INSERT INTO PAYMENT VALUES (35,'Bank Account');
INSERT INTO PAYMENT VALUES (36,'Bank Account');
INSERT INTO PAYMENT VALUES (37,'Bank Account');
INSERT INTO PAYMENT VALUES (39,'Bank Account');
INSERT INTO PAYMENT VALUES (40,'Karma');
INSERT INTO PAYMENT VALUES (44,'Karma');
INSERT INTO PAYMENT VALUES (45,'Karma');
INSERT INTO PAYMENT VALUES (47,'Karma');

INSERT INTO CREDIT_CARD VALUES(000022223002,'10-02-2022','Jerry Smith',2);
INSERT INTO CREDIT_CARD VALUES(000022223005,'06-03-2022','Kyle Miller', 5);
INSERT INTO CREDIT_CARD VALUES(000022223006,'02-18-2024','Chris smith', 6);
INSERT INTO CREDIT_CARD VALUES(000022223007,'04-03-2023','Christina Stuart', 7);
INSERT INTO CREDIT_CARD VALUES(000022223009,'11-03-2022','Pablo Torre', 9);
INSERT INTO CREDIT_CARD VALUES(000022223010,'06-30-2024','Jimmy Sotos', 10);
INSERT INTO CREDIT_CARD VALUES(000022223013,'02-16-2025','samir Miller', 15);
INSERT INTO CREDIT_CARD VALUES(000022223014,'12-23-2021','Eric Snoop', 14);
INSERT INTO CREDIT_CARD VALUES(000022223017,'08-23-2023','Jen Gray', 17);

INSERT INTO BANK_ACCOUNT VALUES(10001,1);
INSERT INTO BANK_ACCOUNT VALUES(10002,32);
INSERT INTO BANK_ACCOUNT VALUES(10003,3);
INSERT INTO BANK_ACCOUNT VALUES(10004,4);
INSERT INTO BANK_ACCOUNT VALUES(10010,35);
INSERT INTO BANK_ACCOUNT VALUES(10013,36);
INSERT INTO BANK_ACCOUNT VALUES(10015,37);
INSERT INTO BANK_ACCOUNT VALUES(10017,8);
INSERT INTO BANK_ACCOUNT VALUES(10019,39);

INSERT INTO CRYPTO VALUES(1111113,'Bitcoin',40);
INSERT INTO CRYPTO VALUES(1111114,'Dogecoin',11);
INSERT INTO CRYPTO VALUES(1111115,'Etherium',12);

INSERT INTO KARMA VALUES (40,13);
INSERT INTO KARMA VALUES (20,44);
INSERT INTO KARMA VALUES (120,45);
INSERT INTO KARMA VALUES (50,16);
INSERT INTO KARMA VALUES (80,47);
INSERT INTO KARMA VALUES (100,18);
INSERT INTO KARMA VALUES (90,19);
INSERT INTO KARMA VALUES (0,20);
INSERT INTO KARMA VALUES (10,21);
INSERT INTO KARMA VALUES (50,22);
INSERT INTO KARMA VALUES (30,23);
INSERT INTO KARMA VALUES (0,24);
INSERT INTO KARMA VALUES (50,25);
INSERT INTO KARMA VALUES (30,26);
INSERT INTO KARMA VALUES (20,27);
INSERT INTO KARMA VALUES (0,28);
INSERT INTO KARMA VALUES (40,29);
INSERT INTO KARMA VALUES (0,30);

INSERT INTO WISHLIST VALUES (1,1);
INSERT INTO WISHLIST VALUES (2,2);
INSERT INTO WISHLIST VALUES (3,3);
INSERT INTO WISHLIST VALUES (4,4);
INSERT INTO WISHLIST VALUES (5,5);
INSERT INTO WISHLIST VALUES (6,6);
INSERT INTO WISHLIST VALUES (7,7);
INSERT INTO WISHLIST VALUES (8,8);
INSERT INTO WISHLIST VALUES (9,9);
INSERT INTO WISHLIST VALUES (10,10);
INSERT INTO WISHLIST VALUES (11,11);
INSERT INTO WISHLIST VALUES (12,12);
INSERT INTO WISHLIST VALUES (13,13);
INSERT INTO WISHLIST VALUES (14,14);
INSERT INTO WISHLIST VALUES (15,15);
INSERT INTO WISHLIST VALUES (16,16);
INSERT INTO WISHLIST VALUES (17,17);
INSERT INTO WISHLIST VALUES (18,18);

INSERT INTO PRODUCT_WISHLIST VALUES (1,1001);
INSERT INTO PRODUCT_WISHLIST VALUES (1,1001);
INSERT INTO PRODUCT_WISHLIST VALUES (1,1001);
INSERT INTO PRODUCT_WISHLIST VALUES (1,1002);
INSERT INTO PRODUCT_WISHLIST VALUES (1,1015);
INSERT INTO PRODUCT_WISHLIST VALUES (2,1015);
INSERT INTO PRODUCT_WISHLIST VALUES (2,1015);
INSERT INTO PRODUCT_WISHLIST VALUES (3,1015);
INSERT INTO PRODUCT_WISHLIST VALUES (7,1015);
INSERT INTO PRODUCT_WISHLIST VALUES (14,1015);
INSERT INTO PRODUCT_WISHLIST VALUES (114,1015);